Environment,Episode,Robustness,Reward,End_Condition
0,0,-0.17069537462916923,-0.12235141140103113,no_part_completed
1,0,-0.10019286283509253,-0.08297885178567543,no_part_completed
