Environment,Episode,Robustness,Reward,End_Condition
0,0,-0.05115344271140966,-0.05115344271140966,bad
1,0,-0.13088186440880262,-0.13088186440880262,bad
