Environment,Episode,Robustness,Reward,End_Condition
0,0,-0.07895734614415839,-0.07895734614415839,no_part_completed
1,0,-0.07262515678033082,-0.07262515678033082,no_part_completed
