Environment,Episode,Robustness,Reward,End_Condition
0,0,-0.12929748881056372,-0.12502645,no_part_completed
0,1,-0.15906167170104085,-0.06869259,no_part_completed
0,2,-0.15616919842857474,-0.060281835,no_part_completed
