Environment,Episode,Robustness
0,0,-0.11118717792775111
1,0,-0.10186241507554221
