Environment,Episode,Robustness
0,0,-0.0669801906899859
1,0,-0.018771399622600767
