Episode,Mean Reward
0,-0.12596144165268844
1,-0.134468687851823
2,-0.129464662833185
