Episode,Mean Reward
1,-0.10273583438536067
2,-0.10627266701242123
3,0.48877411825135914
4,-0.11089103177336997
