Episode,Mean Reward
0.0,-0.21511329567368886
0.0,-0.19753559238071974
