Episode,Mean Reward
0.0,-0.14093776324331375
2.0,-0.14064129535802192
4.0,-0.21011477033389686
1.0,-0.22635791664072158
6.0,-0.07962910602994215
8.0,-0.1680812804472261
