Episode,Mean Reward
1,-0.124381
2,-0.1308993
3,-0.1267394
