Episode,Mean Reward
0,-0.1516423025936051
1,-0.15355309782397739
2,-0.09686855391829917
3,-0.17584505257527766
4,-0.1599312817134305
5,-0.1695745575741503
6,-0.13258594567115897
