Episode,Mean Reward
0,-0.1836698147699908
1,-0.17657578203091495
2,-0.1639672420564459
