Episode,Mean Reward
0,-0.14657829416122442
1,-0.14657829416122442
