Environment,Episode,Robustness,Reward,End_Condition
0,0,-0.15264272865535825,-0.11835055305533147,no_part_completed
0,1,-0.15282899031691624,-0.10427381172571466,no_part_completed
0,2,-0.15244912032129365,-0.11554851329944256,no_part_completed
